{"1": {"precision": 0.4024390243902439, "recall": 0.014601769911504425, "f1-score": 0.028181041844577284, "support": 2260}, "2": {"precision": 0.9905277171670771, "recall": 0.9997896354683187, "f1-score": 0.9951371262039673, "support": 232929}, "accuracy": 0.990322676655796, "macro avg": {"precision": 0.6964833707786605, "recall": 0.5071957026899115, "f1-score": 0.5116590840242723, "support": 235189}, "weighted avg": {"precision": 0.9848766006366457, "recall": 0.990322676655796, "f1-score": 0.9858453619180005, "support": 235189}}