{"1": {"precision": 0.5257142857142857, "recall": 0.08141592920353982, "f1-score": 0.1409961685823755, "support": 2260}, "2": {"precision": 0.9911599010385839, "recall": 0.9992873364845082, "f1-score": 0.9952070257050504, "support": 232929}, "accuracy": 0.9904672412400239, "macro avg": {"precision": 0.7584370933764348, "recall": 0.540351632844024, "f1-score": 0.5681015971437129, "support": 235189}, "weighted avg": {"precision": 0.9866872977678828, "recall": 0.9904672412400239, "f1-score": 0.986998663336499, "support": 235189}}