{"1": {"precision": 0.6133004926108374, "recall": 0.11017699115044248, "f1-score": 0.18679669917479372, "support": 2260}, "2": {"precision": 0.9914346439052231, "recall": 0.9993259748678782, "f1-score": 0.9953646688560481, "support": 232929}, "accuracy": 0.9907818818056967, "macro avg": {"precision": 0.8023675682580302, "recall": 0.5547514830091603, "f1-score": 0.5910806840154209, "support": 235189}, "weighted avg": {"precision": 0.9878010420704207, "recall": 0.9907818818056967, "f1-score": 0.9875949023640793, "support": 235189}}